{"cameraMode":{"drawMode":0,"name":"Shaded","section":"Shading Mode"},"sceneLighting":true,"audioPlay":false,"sceneViewState":{"m_AlwaysRefresh":false,"showFog":true,"showSkybox":true,"showFlares":true,"showImageEffects":true,"showParticleSystems":true,"showVisualEffectGraphs":true,"m_FxEnabled":true},"in2DMode":false,"pivot":{"x":18.814165115356447,"y":-2.0645880699157717,"z":-4.865259647369385},"rotation":{"x":-0.054446738213300708,"y":-0.7954403162002564,"z":0.07191327214241028,"w":-0.5995354652404785},"size":11.018643379211426,"orthographic":false}